H,RMSE,MAE,R2,Skill,RMSE_base,MAE_base
6,137.1845244552023,68.36961364746094,0.7162319421768188,0.30108972924989474,196.2834565430821,102.1871337890625
18,148.03606903175657,77.87664031982422,0.6696137189865112,0.4884531136219472,289.3890520346269,170.2367401123047
36,156.1435637482378,84.6601791381836,0.6325463056564331,0.5963618683093408,386.84046695634106,253.53878784179688
